ftrt,ctrt,time,wbio,cbio,pbic,amac,edta,unavp,porg,ptot,caco3,inorgcarbon,sph2,amm,nit,pmn,pmc,rate2,seed2
CMPT,ALL ,1,4.82,27.95,26.905,66.712,102.578,8.960,229.572,332.15,5.151639433,0.618196732,7.69,4.361,5.116,9.298,158.946,1,7
CMPT,ALL ,1,2.85,26.57,20.621,60.101,104.572,23.850,281.628,386.2,5.281153539,0.633738425,7.99,1.927,15.806,11.096,57.319,1,7
CMPT,ALL ,1,5.08,52.73,18.669,69.022,114.689,26.997,318.011,432.7,5.399874803,0.647984976,8.02,2.721,15.426,27.243,89.401,3,3
CMPT,ALL ,1,1.07,25.37,35.049,72.554,133.658,26.055,332.692,466.35,5.58335312,0.670002374,7.62,2.489,16.181,14.644,263.538,1,7
CMPT,ALL ,2,5.48,26.22,30.651,65.320,138.228,42.257,209.847,348.075,,,,3.695,33.921,24.255,149.782,,
CMPT,ALL ,2,2.7,17.98,26.861,55.158,120.214,38.195,221.861,342.075,,,,3.390,29.103,28.513,153.222,,
CMPT,ALL ,2,1.01,38.46,35.102,61.747,137.485,40.636,265.790,403.275,,,,4.557,16.029,38.438,176.265,,
CMPT,ALL ,2,2.3,39.36,22.283,55.214,126.852,49.355,181.523,308.375,,,,4.080,23.706,14.304,132.989,,
CMPT,B,1,2.93,5.65,11.558,63.054,160.506,85.894,262.044,422.55,5.259567855,0.631148143,8,2.726,28.507,19.819,153.047,4,6
CMPT,B,1,4.06,29.09,.,.,.,.,.,.,5.917931228,0.710151747,8.2,5.001,11.770,11.702,256.647,4,6
CMPT,B,1,3.38,9.01,45.060,75.751,159.436,38.625,586.964,746.4,4.881818378,0.585818205,8.07,3.427,85.854,5.973,38.354,4,6
CMPT,B,1,2.75,37.4,32.820,86.369,140.029,20.840,370.571,510.6,5.43225333,0.6518704,8.25,3.836,7.827,7.824,131.390,4,6
CMPT,B,2,2.67,22.4,28.621,52.496,125.423,44.306,202.252,327.675,,,,2.003,12.575,8.796,100.257,,
CMPT,B,2,2.35,21.15,29.816,51.667,134.185,52.703,196.690,330.875,,,,5.429,14.530,24.324,151.918,,
CMPT,B,2,1.78,27.99,34.182,55.289,160.580,71.109,212.195,372.775,,,,2.386,12.576,9.169,139.464,,
CMPT,B,2,2.53,20.04,27.469,52.685,146.908,66.755,188.617,335.525,,,,2.908,16.286,13.974,158.812,,
CMPT,BO,1,2.71,32.08,30.947,75.860,193.628,86.821,238.572,432.2,4.871025536,0.584523064,8.12,7.152,5.183,8.719,228.695,2,10
CMPT,BO,1,0.84,12.71,31.368,81.926,286.138,172.844,191.562,477.7,1.244630561,0.149355667,8.01,2.560,25.905,6.988,113.390,4,6
CMPT,BO,1,1.2,40.55,52.744,78.610,239.154,107.800,224.796,463.95,.,.,8.14,2.295,9.416,7.087,151.772,2,4
CMPT,BO,1,3.67,31.84,27.744,70.876,251.216,152.596,127.384,378.6,5.173225117,0.620787014,8.13,3.298,10.554,4.070,135.303,2,10
CMPT,BO,2,3.23,17.84,23.318,49.979,138.971,65.674,206.604,345.575,,,,3.212,15.166,13.850,86.718,,
CMPT,BO,2,0.71,26.39,24.094,55.452,155.778,76.232,208.547,364.325,,,,3.190,21.000,6.652,157.895,,
CMPT,BO,2,2.52,20.16,35.139,62.206,176.563,79.218,193.762,370.325,,,,1.787,44.021,31.844,71.818,,
CMPT,BO,2,3.25,9.64,30.420,57.528,170.809,82.861,220.616,391.425,,,,3.150,28.931,19.038,145.244,,
CMPT,F,1,5.57,42.1,25.044,64.040,194.698,105.615,223.952,418.65,0.780538347,0.093664602,8,9.112,23.334,11.367,36.808,2,5
CMPT,F,1,3.01,20.01,18.414,69.861,201.702,113.427,204.148,405.85,5.119260906,0.614311309,8,2.530,34.564,13.182,86.811,2,7
CMPT,F,1,3.38,43.95,26.671,69.793,259.728,163.263,110.972,370.7,1.007188033,0.120862564,8.23,2.964,62.391,6.987,141.891,2,5
CMPT,F,1,6.31,27.31,28.546,80.190,257.296,148.560,179.454,436.75,5.000539642,0.600064757,8.18,5.184,50.176,5.578,221.923,2,7
CMPT,F,2,1.36,21,42.056,58.888,183.437,82.493,171.088,354.525,,,,3.280,51.373,25.754,149.606,,
CMPT,F,2,2.81,107,28.278,55.854,181.094,96.962,212.231,393.325,,,,5.079,59.511,29.173,89.179,,
CMPT,F,2,2.06,65.78,30.797,54.229,176.457,91.431,180.918,357.375,,,,2.978,37.752,20.763,150.832,,
CMPT,F,2,3.13,69.98,35.071,57.365,160.214,67.777,219.611,379.825,,,,3.506,58.563,21.752,133.731,,
CMPT,FLW,1,1.9,.,18.112,75.076,360.360,267.172,-97.110,263.25,5.378289119,0.645394694,8.35,2.281,26.038,3.660,19.834,3,6
CMPT,FLW,1,1.88,.,17.923,77.445,146.547,51.180,189.353,335.9,6.435987653,0.772318518,8.17,2.982,85.669,4.276,63.015,4,5
CMPT,FLW,1,1.51,.,16.583,87.019,160.457,56.856,93.343,253.8,5.443046172,0.653165541,8.13,2.500,41.147,10.029,26.520,2,6
CMPT,FLW,1,0.28,.,20.315,89.964,338.181,227.902,72.969,411.15,5.281153539,0.633738425,7.95,2.490,37.104,5.983,21.364,2,6
CMPT,FLW,2,2.45,.,30.699,51.011,189.477,107.767,190.998,380.475,,,,1.829,9.832,17.499,46.488,,
CMPT,FLW,2,2.1,.,28.127,50.690,193.165,114.349,166.610,359.775,,,,2.591,3.699,2.663,58.707,,
CMPT,FLW,2,1.51,.,28.282,55.367,186.534,102.885,187.391,373.925,,,,1.351,3.711,17.271,94.511,,
CMPT,FLW,2,1.71,.,32.213,55.916,241.590,153.461,124.035,365.625,,,,5.514,24.911,16.160,99.549,,
CMPT,FO,1,1.37,11.27,43.465,83.314,232.393,105.615,183.607,416,1.805858355,0.216703003,8.09,1.621,40.298,13.369,95.625,2,8
CMPT,FO,1,1.08,34.2,42.597,84.156,290.613,163.860,147.437,438.05,0.802124031,0.096254884,8.13,3.021,14.950,7.439,96.480,1,10
CMPT,FO,1,2.22,15.77,37.529,82.784,270.088,149.775,104.262,374.35,1.115116455,0.133813975,8.13,2.309,13.112,19.412,120.295,2,8
CMPT,FO,1,3.81,49.59,31.962,78.704,302.432,191.767,145.918,448.35,3.381613314,0.405793598,8.08,2.466,25.707,19.203,87.190,4,4
CMPT,FO,2,2.37,58.89,28.791,52.517,180.797,99.488,183.678,364.475,,,,6.230,57.729,34.762,70.578,,
CMPT,FO,2,6.01,44.31,34.909,59.449,177.467,83.109,206.408,383.875,,,,4.923,53.067,15.432,112.607,,
CMPT,FO,2,2.66,46.69,29.895,52.466,157.551,75.190,184.824,342.375,,,,5.724,45.968,32.280,125.964,,
CMPT,FO,2,0.45,8.75,28.911,51.694,186.266,105.662,158.059,344.325,,,,5.645,10.515,22.167,72.111,,
CMPT,O,1,1.58,18.15,16.701,73.919,209.533,118.914,168.067,377.6,1.395730352,0.167487642,8.28,.,.,.,.,4,8
CMPT,O,1,2.56,12.1,22.171,63.794,467.802,381.836,249.598,717.4,1.201459192,0.144175103,8.28,2.752,9.084,6.012,101.517,3,6
CMPT,O,1,3.06,20.47,29.564,78.272,158.463,50.627,136.487,294.95,1.417316036,0.170077924,8.14,2.871,9.151,10.865,106.120,1,10
CMPT,O,1,1.6,23.24,16.282,75.594,209.971,118.095,74.779,284.75,5.453839014,0.654460682,8.43,1.317,25.884,33.799,145.967,1,5
CMPT,O,2,0.15,0,28.007,50.150,168.469,90.312,214.006,382.475,,,,NA,8.139,17.939,28.014,,
CMPT,O,2,0.81,1.12,26.380,56.109,162.353,79.864,215.922,378.275,,,,2.254,5.568,9.083,177.369,,
CMPT,O,2,2.12,4.63,33.975,56.497,179.964,89.492,189.461,369.425,,,,3.465,8.012,19.265,155.719,,
CMPT,O,2,1.63,0,35.864,56.942,285.203,192.397,271.622,556.825,,,,3.521,7.781,26.434,54.929,,
CMPT,R,1,2.74,19.79,27.797,70.850,188.035,89.388,198.365,386.4,5.076089537,0.609130744,8.16,3.584,3.544,16.610,91.479,2,6
CMPT,R,1,3.28,32.04,30.479,65.785,305.302,209.037,80.948,386.25,0.866881084,0.10402573,8.16,2.613,4.674,12.224,145.736,1,10
CMPT,R,1,3.16,33,21.624,61.509,330.788,247.655,59.762,390.55,1.050359402,0.126043128,8.2,1.436,14.927,15.914,160.594,1,6
CMPT,R,1,3.43,7.53,21.527,60.150,316.634,234.957,100.616,417.25,0.758952663,0.09107432,8.26,5.452,14.804,11.607,58.540,2,4
CMPT,R,2,2.97,17.78,30.488,54.947,205.170,119.735,178.905,384.075,,,,1.908,12.670,6.918,62.742,,
CMPT,R,2,4.98,21.2,26.454,49.559,167.440,91.427,183.985,351.425,,,,3.114,17.504,5.258,85.488,,
CMPT,R,2,3.96,23.19,25.630,52.493,176.694,98.572,146.031,322.725,,,,3.078,16.819,17.119,84.746,,
CMPT,R,2,2.39,22.23,31.281,52.201,254.578,171.095,109.097,363.675,,,,1.802,25.098,16.801,37.113,,
CMPT,RO,1,2.85,31.41,13.109,60.787,119.212,45.316,235.938,355.15,4.795475641,0.575457077,8.08,2.636,16.146,16.440,94.391,4,3
CMPT,RO,1,5.32,32.64,16.604,72.269,161.235,72.363,241.065,402.3,1.795065513,0.215407862,8.06,1.993,15.345,10.052,106.065,1,6
CMPT,RO,1,2.18,31.81,34.395,72.112,144.942,38.434,212.008,356.95,2.852764047,0.342331686,8,2.933,3.853,6.563,180.229,4,7
CMPT,RO,1,1.68,31.86,.,101.097,137.160,.,305.590,442.75,.,.,8.12,2.112,31.571,8.663,116.856,2,7
CMPT,RO,2,0.9,19.44,22.949,50.924,136.185,62.312,239.590,375.775,,,,1.307,30.107,10.677,67.108,,
CMPT,RO,2,4.68,21.21,23.606,52.875,123.960,47.479,210.565,334.525,,,,2.414,11.573,15.236,171.595,,
CMPT,RO,2,1.8,10.1,22.762,47.670,127.527,57.095,218.798,346.325,,,,2.833,15.002,13.318,70.022,,
CMPT,RO,2,1.85,21.21,26.667,52.569,135.875,56.639,222.850,358.725,,,,2.853,24.927,30.935,42.433,,
CNTL ,ALL ,1,1.91,34.71,13.250,62.750,122.909,46.909,211.741,334.65,4.288212058,0.514585447,7.83,2.025,18.645,9.327,59.477,2,5
CNTL ,ALL ,1,1.34,17.87,16.563,61.099,143.385,65.724,264.715,408.1,3.488462452,0.418615494,7.97,2.393,9.578,14.783,78.164,2,7
CNTL ,ALL ,1,4.39,25.7,8.149,63.882,116.975,44.944,309.925,426.9,5.227189328,0.627262719,8.1,2.519,15.015,9.320,98.121,2,5
CNTL ,ALL ,1,1.3,11.22,12.779,56.712,115.224,45.732,236.576,351.8,4.655168692,0.558620243,8.01,1.459,67.926,5.546,172.013,2,5
CNTL ,ALL ,2,3.08,31.55,22.797,49.733,118.277,45.747,227.248,345.525,,,,7.917,35.600,22.327,330.016,,
CNTL ,ALL ,2,3.12,32.83,21.929,49.119,119.798,48.750,210.077,329.875,,,,3.532,33.211,9.614,129.335,,
CNTL ,ALL ,2,1.72,40.15,22.349,49.778,127.638,55.511,182.387,310.025,,,,0.850,21.731,8.293,84.101,,
CNTL ,ALL ,2,2.53,50.36,21.160,49.299,124.542,54.082,162.283,286.825,,,,1.654,22.479,15.553,58.475,,
CNTL ,B,1,1.06,15.57,9.119,57.267,173.346,106.961,248.154,421.5,5.108468064,0.613016168,8.07,2.717,16.737,10.533,100.171,2,7
CNTL ,B,1,2.64,24.08,8.311,67.146,192.704,117.247,165.496,358.2,5.043711011,0.605245321,8.26,1.920,5.526,6.434,177.929,3,8
CNTL ,B,1,1.27,25.18,11.948,61.040,189.932,116.944,250.718,440.65,3.532713105,0.423925573,7.74,5.553,24.608,7.064,83.384,1,10
CNTL ,B,1,3.7,14.25,9.778,63.887,189.932,116.266,165.268,355.2,4.536447428,0.544373691,8.24,1.372,5.756,8.024,12.573,4,5
CNTL ,B,2,3.01,19.73,21.587,46.515,144.174,76.072,158.501,302.675,,,,2.426,19.821,25.117,162.791,,
CNTL ,B,2,2.07,14.91,22.744,44.937,137.828,70.148,230.047,367.875,,,,2.160,13.294,10.853,90.467,,
CNTL ,B,2,2.6,23.63,21.238,46.529,136.804,69.037,137.371,274.175,,,,3.768,9.895,46.868,181.953,,
CNTL ,B,2,0.77,17.43,21.769,45.461,146.403,79.173,161.972,308.375,,,,3.722,19.091,9.059,61.780,,
CNTL ,BO,1,0.58,28.79,12.851,70.950,197.276,113.475,154.724,352,1.687137091,0.202456451,8.17,1.717,7.743,6.959,258.784,1,8
CNTL ,BO,1,1.25,23.2,18.071,70.503,231.177,142.603,145.923,377.1,1.002870896,0.120344508,8.09,2.380,10.980,14.596,54.622,1,10
CNTL ,BO,1,4.91,31.34,14.753,65.550,249.757,169.454,141.843,391.6,5.842381333,0.70108576,8.14,2.552,4.100,18.112,34.335,3,8
CNTL ,BO,1,1.5,20.12,16.239,69.097,236.187,150.851,221.913,458.1,2.032508041,0.243900965,8.05,6.819,17.773,11.339,222.108,4,6
CNTL ,BO,2,3.44,16.89,22.548,49.042,150.800,79.210,186.325,337.125,,,,6.145,40.089,6.779,90.379,,
CNTL ,BO,2,3.83,24.7,19.243,47.952,151.205,84.009,195.670,346.875,,,,3.803,17.015,13.707,140.571,,
CNTL ,BO,2,1.45,16.41,20.627,53.147,162.067,88.293,202.358,364.425,,,,8.753,19.256,7.957,56.092,,
CNTL ,BO,2,1.03,14.41,19.463,50.661,157.322,87.198,186.103,343.425,,,,4.282,49.685,10.214,115.247,,
CNTL ,F,1,2.71,52.51,5.003,74.128,194.212,115.081,221.088,415.3,5.032918169,0.60395018,8,3.455,6.261,27.139,55.202,1,8
CNTL ,F,1,2.96,38.61,9.909,73.926,161.673,77.838,217.727,379.4,5.140846591,0.616901591,8.09,3.011,9.518,10.361,71.888,2,8
CNTL ,F,1,2.9,35.04,22.680,67.842,193.337,102.815,217.063,410.4,5.216396486,0.625967578,8.04,2.446,21.204,21.188,113.127,1,10
CNTL ,F,1,2.7,38.76,10.387,.,219.844,.,167.256,387.1,2.442636044,0.293116325,8.01,3.203,42.607,24.912,103.844,1,10
CNTL ,F,2,1.53,8.45,22.457,54.722,142.916,65.737,215.709,358.625,,,,3.614,15.862,25.113,231.589,,
CNTL ,F,2,0.04,0,44.282,57.508,168.636,66.846,222.889,391.525,,,,3.353,27.347,42.707,106.318,,
CNTL ,F,2,2.32,47.58,25.215,53.935,165.577,86.427,167.298,332.875,,,,2.127,40.268,8.694,97.893,,
CNTL ,F,2,2.05,65.2,21.113,47.543,154.063,85.407,177.512,331.575,,,,0.843,49.716,4.346,92.412,,
CNTL ,FLW,1,0.71,.,1.317,35.535,208.949,172.097,183.751,392.7,.,.,8.27,1.609,8.424,0.620,48.527,2,7
CNTL ,FLW,1,0.87,.,-3.303,87.409,221.693,137.587,155.407,377.1,5.270360697,0.632443284,8.05,2.794,19.654,2.769,159.846,4,5
CNTL ,FLW,1,1.61,.,18.986,43.225,279.523,217.312,135.677,415.2,5.43225333,0.6518704,8.26,7.854,39.415,1.283,59.912,4,5
CNTL ,FLW,1,0.19,.,14.316,29.867,161.333,117.149,180.917,342.25,4.622790166,0.55473482,8.29,4.929,5.422,0.254,52.439,4,5
CNTL ,FLW,2,1.44,.,24.207,50.186,174.643,100.251,147.882,322.525,,,,1.285,4.673,5.520,120.363,,
CNTL ,FLW,2,0.47,.,25.287,50.820,121.822,45.715,255.603,377.425,,,,2.026,7.068,17.768,76.113,,
CNTL ,FLW,2,0.5,.,25.157,51.329,136.061,59.574,213.714,349.775,,,,2.136,6.515,11.745,70.641,,
CNTL ,FLW,2,0.98,.,22.855,50.751,132.045,58.440,172.030,304.075,,,,4.305,31.899,20.515,83.281,,
CNTL ,FO,1,2.84,17.93,11.481,52.617,302.335,238.236,95.615,397.95,2.237572042,0.268508645,8,6.372,48.757,124.727,182.250,4,5
CNTL ,FO,1,3.81,37.76,15.049,48.032,299.562,236.481,117.438,417,2.744835625,0.329380275,8.01,2.186,22.577,11.096,64.621,4,8
CNTL ,FO,1,3.81,20.72,9.381,47.865,289.202,231.956,147.348,436.55,4.590411639,0.550849397,8.16,2.849,4.018,12.664,243.089,2,10
CNTL ,FO,1,4.83,44.39,5.714,53.155,283.074,224.205,117.976,401.05,0.629438556,0.075532627,8.15,7.866,4.554,14.507,154.836,1,10
CNTL ,FO,2,1.26,39.04,22.664,53.340,190.193,114.188,166.282,356.475,,,,4.284,140.157,14.848,73.647,,
CNTL ,FO,2,2.02,13.19,27.269,54.762,197.496,115.464,129.629,327.125,,,,2.048,14.886,12.631,90.574,,
CNTL ,FO,2,3.7,54.28,21.320,49.938,195.852,124.594,147.473,343.325,,,,2.972,50.639,8.713,134.886,,
CNTL ,FO,2,3.52,60.53,21.862,50.676,164.269,91.731,167.856,332.125,,,,4.155,43.867,12.830,81.010,,
CNTL ,O,1,0.69,16.79,11.016,70.852,156.177,74.310,179.673,335.85,1.384937509,0.166192501,8.21,3.560,17.039,5.396,100.961,3,3
CNTL ,O,1,3.28,17.92,10.060,72.862,283.755,200.833,93.195,376.95,5.637317331,0.67647808,8.41,9.945,11.839,5.578,69.585,4,3
CNTL ,O,1,2.91,29.05,11.522,70.904,317.802,235.376,54.048,371.85,3.770155633,0.452418676,8.16,.,.,6.598,70.592,2,5
CNTL ,O,1,1.55,15.18,8.849,65.473,300.486,226.165,195.164,495.65,3.424784683,0.410974162,8.16,2.546,38.829,21.512,140.734,2,6
CNTL ,O,2,0.49,11.04,21.244,48.455,157.313,87.614,142.662,299.975,,,,2.544,6.371,19.912,44.389,,
CNTL ,O,2,0.81,0,23.304,53.887,165.755,88.564,200.770,366.525,,,,1.422,11.502,24.013,81.874,,
CNTL ,O,2,2.8,1.63,22.905,54.152,196.938,119.880,196.737,393.675,,,,2.645,8.789,9.282,102.947,,
CNTL ,O,2,2.57,0.5,24.610,51.736,145.660,69.313,225.265,370.925,,,,1.967,15.147,7.507,94.060,,
CNTL ,R,1,0.36,18.08,16.191,70.736,111.965,25.038,286.385,398.35,4.363761953,0.523651434,8.08,1.965,53.996,11.777,64.262,4,4
CNTL ,R,1,0.71,25.41,10.883,52.058,166.926,103.985,212.774,379.7,5.162432275,0.619491873,8.08,2.445,25.766,4.419,29.043,2,8
CNTL ,R,1,4.51,22.38,12.335,59.964,221.790,149.491,221.310,443.1,5.92872407,0.711446888,8.04,2.509,75.337,6.605,126.591,3,5
CNTL ,R,1,0.95,25.06,11.169,57.355,136.576,68.052,250.124,386.7,5.982688281,0.717922594,7.97,2.717,18.431,20.140,137.196,2,6
CNTL ,R,2,1.87,19.48,21.580,46.481,119.592,51.531,190.683,310.275,,,,2.067,15.190,4.803,97.252,,
CNTL ,R,2,4.32,25.26,19.602,45.654,121.569,56.313,142.906,264.475,,,,2.521,5.048,17.039,87.912,,
CNTL ,R,2,3.2,19.56,23.954,46.043,165.096,95.099,167.429,332.525,,,,2.761,29.043,5.466,33.703,,
CNTL ,R,2,3.98,26.59,22.370,47.465,157.894,88.058,156.531,314.425,,,,3.756,16.085,16.605,44.205,,
CNTL ,RO,1,1.08,12.6,20.955,71.501,176.751,84.295,266.999,443.75,5.022125326,0.602655039,8.05,3.219,11.479,40.743,155.873,2,5
CNTL ,RO,1,3.16,10.21,14.957,60.695,220.817,145.165,86.283,307.1,5.227189328,0.627262719,8.13,4.703,4.475,14.620,185.429,3,4
CNTL ,RO,1,0.75,17,17.079,59.214,172.811,96.519,199.689,372.5,5.378289119,0.645394694,8.09,1.567,21.508,2.777,32.008,3,8
CNTL ,RO,1,0.81,7.95,15.031,62.081,170.185,93.072,244.915,415.1,1.320180456,0.158421655,7.95,3.388,21.774,4.868,32.637,2,7
CNTL ,RO,2,1.22,15.68,21.876,51.844,136.683,62.963,227.542,364.225,,,,1.250,36.181,37.992,127.356,,
CNTL ,RO,2,1.36,10.16,22.451,52.204,135.018,60.363,190.257,325.275,,,,5.208,20.633,17.071,82.069,,
CNTL ,RO,2,2.05,12.4,22.672,48.904,148.323,76.747,156.952,305.275,,,,1.690,17.576,22.138,67.722,,
CNTL ,RO,2,2.5,8.53,21.495,50.341,127.170,55.334,180.105,307.275,,,,2.488,18.441,10.326,33.916,,
IFERT ,ALL ,1,2.63,34.56,18.945,60.886,139.835,60.003,283.965,423.8,5.216396486,0.625967578,7.76,2.389,13.059,5.350,98.703,1,7
IFERT ,ALL ,1,1.99,30.25,10.919,68.964,125.243,45.361,259.307,384.55,5.540181751,0.66482181,8.01,3.684,7.149,9.184,431.377,2,7
IFERT ,ALL ,1,1.94,35.41,14.395,55.908,112.208,41.905,297.542,409.75,5.723660069,0.686839208,8,1.525,37.431,5.894,144.143,1,10
IFERT ,ALL ,1,1.54,35.05,10.786,66.369,114.300,37.145,282.450,396.75,4.471690375,0.536602845,7.95,3.358,41.795,41.104,115.594,2,5
IFERT ,ALL ,2,1.72,48.44,21.857,52.156,126.223,52.210,194.052,320.275,,,,4.008,47.532,17.941,95.722,,
IFERT ,ALL ,2,2.8,28.04,22.454,48.952,118.249,46.842,215.376,333.625,,,,5.428,27.279,20.663,113.710,,
IFERT ,ALL ,2,4.28,27.52,21.840,48.678,108.673,38.156,212.002,320.675,,,,5.520,14.143,20.016,73.599,,
IFERT ,ALL ,2,1.62,30.56,26.472,55.482,139.358,57.404,197.617,336.975,,,,6.491,25.276,11.060,260.861,,
IFERT ,B,1,3.7,36.92,13.525,62.432,129.183,53.226,292.317,421.5,4.558033112,0.546963973,8.17,2.018,8.349,7.667,116.388,4,6
IFERT ,B,1,3.46,40.68,7.580,58.140,157.198,91.479,224.252,381.45,5.270360697,0.632443284,8.31,2.448,12.741,0.594,213.634,3,5
IFERT ,B,1,0.71,30.04,18.830,87.143,149.757,43.783,289.693,439.45,5.345910592,0.641509271,8.17,2.403,13.584,4.229,81.992,2,5
IFERT ,B,1,3.71,31.22,12.578,62.855,183.268,107.835,214.282,397.55,3.802534159,0.456304099,8.16,4.636,12.348,0.536,217.637,4,4
IFERT ,B,2,2.46,13.3,24.262,50.681,140.744,65.801,195.281,336.025,,,,2.526,15.971,10.431,66.687,,
IFERT ,B,2,3.02,19.92,22.697,52.628,139.829,64.504,212.946,352.775,,,,2.009,10.629,12.716,72.345,,
IFERT ,B,2,3.63,17.24,22.725,49.313,126.338,54.299,233.387,359.725,,,,3.248,10.366,9.983,33.536,,
IFERT ,B,2,2.38,11.12,24.535,50.539,150.892,75.817,193.133,344.025,,,,2.055,15.690,12.413,108.646,,
IFERT ,BO,1,2.3,30.17,8.920,72.833,241.245,159.493,133.655,374.9,0.996395191,0.119567423,8.14,3.619,3.158,8.738,80.567,3,8
IFERT ,BO,1,1.26,22.63,14.630,68.537,243.726,160.559,173.724,417.45,0.985602349,0.118272282,7.99,0.780,41.171,8.352,171.365,2,9
IFERT ,BO,1,0.81,41.55,14.354,72.019,240.126,153.753,168.024,408.15,1.104323613,0.132518834,8.03,1.684,26.275,17.005,79.293,4,8
IFERT ,BO,1,0.64,35.85,13.342,68.051,206.955,125.562,91.345,298.3,1.352558983,0.162307078,8.13,3.968,9.647,8.887,390.685,1,10
IFERT ,BO,2,1.45,12.6,21.929,52.191,140.725,66.606,192.950,333.675,,,,6.488,25.141,7.350,92.023,,
IFERT ,BO,2,2.95,23.79,22.836,51.784,145.203,70.582,211.872,357.075,,,,3.690,15.907,12.523,61.267,,
IFERT ,BO,2,1.29,22.59,22.318,51.783,149.881,75.780,196.994,346.875,,,,0.578,28.219,31.857,139.502,,
IFERT ,BO,2,2.5,22.26,22.027,53.586,163.310,87.696,175.715,339.025,,,,1.928,42.019,10.828,105.222,,
IFERT ,F,1,0.34,18.49,12.414,77.071,189.397,99.912,224.103,413.5,3.327649103,0.399317892,7.99,3.941,33.779,3.322,96.051,4,4
IFERT ,F,1,0.5,15.2,15.442,78.657,226.167,132.068,181.533,407.7,1.050359402,0.126043128,8.14,5.715,25.540,4.517,107.293,1,10
IFERT ,F,1,5.08,15.41,15.899,75.857,175.973,84.217,276.127,452.1,5.076089537,0.609130744,8.08,2.153,5.090,11.520,183.263,1,8
IFERT ,F,1,2.73,36.09,13.718,79.066,149.125,56.341,264.875,414,4.147905109,0.497748613,8.03,1.884,18.649,3.348,75.889,2,6
IFERT ,F,2,0.93,49.94,30.358,52.266,148.038,65.414,185.487,333.525,,,,4.830,75.297,30.264,169.823,,
IFERT ,F,2,1.63,55.91,25.389,51.851,148.747,71.506,205.678,354.425,,,,3.517,31.239,12.154,54.131,,
IFERT ,F,2,2.57,0,49.340,63.862,149.128,35.926,228.897,378.025,,,,4.156,32.362,19.976,171.765,,
IFERT ,F,2,0.5,13.66,35.982,57.020,152.406,59.404,234.169,386.575,,,,4.523,28.962,33.648,112.265,,
IFERT ,FLW,1,0.54,.,-6.254,84.013,318.482,240.723,2.118,320.6,1.827444039,0.219293285,8.14,3.312,28.838,3.205,62.413,2,7
IFERT ,FLW,1,0.29,.,18.874,34.138,196.255,143.244,204.745,401,0.586267188,0.070352063,8.23,1.395,39.895,1.221,86.451,2,8
IFERT ,FLW,1,0.36,.,30.673,65.482,174.465,78.309,138.335,312.8,.,.,8.22,1.751,29.905,4.173,47.169,2,5
IFERT ,FLW,1,1.18,.,-1.254,33.439,253.696,221.512,146.354,400.05,0.704988452,0.084598614,8.25,2.342,14.724,3.882,84.191,2,4
IFERT ,FLW,2,2.34,.,28.056,52.231,148.518,68.231,222.857,371.375,,,,1.946,9.328,1.958,106.055,,
IFERT ,FLW,2,1.85,.,28.401,56.336,118.163,33.426,263.312,381.475,,,,2.224,9.716,21.309,97.004,,
IFERT ,FLW,2,1.21,.,26.352,52.937,129.539,50.250,230.686,360.225,,,,2.339,25.027,8.712,84.603,,
IFERT ,FLW,2,1.02,.,27.485,49.580,216.694,139.629,135.831,352.525,,,,2.840,6.885,20.012,185.406,,
IFERT ,FO,1,1.36,8.47,15.106,60.366,264.883,189.411,136.867,401.75,5.011332484,0.601359898,8.07,2.134,22.513,9.453,80.078,2,12
IFERT ,FO,1,0.64,24.2,14.789,37.208,277.140,225.144,141.310,418.45,1.148574266,0.137828912,8.15,2.951,26.416,38.871,100.081,2,7
IFERT ,FO,1,3.02,19.99,11.706,36.992,259.728,211.030,68.972,328.7,0.694195609,0.083303473,8.07,2.493,72.253,11.787,70.395,4,6
IFERT ,FO,1,0.57,36.03,13.321,40.004,291.342,238.017,91.958,383.3,0.877673927,0.105320871,8.02,3.031,47.734,54.159,111.128,2,8
IFERT ,FO,2,3.37,46.36,22.799,49.545,174.457,102.113,156.018,330.475,,,,6.641,51.054,11.580,91.993,,
IFERT ,FO,2,1.57,50.17,24.710,53.375,168.079,89.994,156.896,324.975,,,,2.686,42.807,4.688,175.515,,
IFERT ,FO,2,2.06,0.14,31.614,56.832,155.607,67.161,181.968,337.575,,,,11.902,58.193,26.378,310.448,,
IFERT ,FO,2,1.77,61.16,22.673,50.213,163.734,90.847,175.591,339.325,,,,2.724,56.498,13.180,107.904,,
IFERT ,O,1,1.61,17.54,13.652,63.969,199.465,121.844,105.285,304.75,4.946575431,0.593589052,8.08,1.565,23.228,6.696,69.669,1,8
IFERT ,O,1,3.73,20.04,8.066,77.719,209.582,123.797,119.268,328.85,5.410667645,0.649280117,8.2,2.869,15.181,49.587,234.694,2,5
IFERT ,O,1,1.66,18.68,10.648,75.682,242.704,156.374,167.046,409.75,5.065296695,0.607835603,8.33,1.742,24.534,9.339,80.297,3,5
IFERT ,O,1,0.73,8.06,11.451,68.309,222.228,142.468,140.522,362.75,1.924579619,0.230949554,8.33,3.082,31.117,2.702,78.936,1,10
IFERT ,O,2,1.98,15.83,22.802,47.858,170.556,99.895,142.619,313.175,,,,1.355,4.515,3.021,102.427,,
IFERT ,O,2,1.14,10.74,21.914,48.788,198.573,127.872,123.352,321.925,,,,1.821,8.337,10.296,76.412,,
IFERT ,O,2,1.58,2.68,22.469,47.459,183.829,113.901,128.496,312.325,,,,1.875,6.408,3.827,106.868,,
IFERT ,O,2,2.5,0,24.143,52.828,157.150,80.179,183.125,340.275,,,,2.457,10.031,9.901,39.317,,
IFERT ,R,1,6.19,27.37,9.651,51.949,147.714,86.114,253.636,401.35,0.8452954,0.101435448,8.26,1.842,10.446,28.221,96.588,4,3
IFERT ,R,1,2.97,10.34,14.362,57.911,111.868,39.595,228.682,340.55,1.892201092,0.227064131,8.22,3.476,38.784,19.367,207.953,4,4
IFERT ,R,1,2.28,8.82,16.317,52.877,144.261,75.066,221.689,365.95,1.330973299,0.159716796,8.16,3.399,42.292,3.469,34.025,4,4
IFERT ,R,1,7.97,29.3,10.986,58.762,161.722,91.974,213.978,375.7,1.946165303,0.233539836,8.18,3.996,14.099,4.569,97.343,2,6
IFERT ,R,2,1.61,18.33,21.715,45.377,167.776,100.684,126.299,294.075,,,,2.240,12.044,4.489,80.427,,
IFERT ,R,2,1.46,20.04,25.295,45.793,189.834,118.745,91.991,281.825,,,,1.195,7.943,6.592,39.198,,
IFERT ,R,2,1.63,18.69,22.093,44.703,123.136,56.340,166.239,289.375,,,,3.972,15.999,6.242,39.902,,
IFERT ,R,2,3.83,21.26,25.559,46.675,148.870,76.636,144.505,293.375,,,,NA,6.644,9.253,163.695,,
IFERT ,RO,1,0.78,22.01,12.048,68.350,134.776,54.377,261.174,395.95,4.74151143,0.568981372,8.17,2.189,8.825,30.539,112.694,4,5
IFERT ,RO,1,4.23,25.87,16.512,67.325,122.714,38.877,236.236,358.95,5.227189328,0.627262719,8.16,3.279,15.834,41.301,378.165,1,10
IFERT ,RO,1,5.82,.,10.453,70.577,149.319,68.289,323.281,472.6,4.89261122,0.587113346,8.23,3.067,22.520,14.226,-6.415,2,5
IFERT ,RO,1,2.67,20.61,8.466,67.087,149.416,73.863,195.134,344.55,4.763097114,0.571571654,8.24,1.940,27.598,32.327,131.139,2,6
IFERT ,RO,2,0.5,17.78,23.861,49.945,140.547,66.741,191.978,332.525,,,,4.361,29.453,14.334,91.842,,
IFERT ,RO,2,3.17,17.73,21.377,52.583,129.992,56.032,212.633,342.625,,,,2.503,19.398,9.368,49.261,,
IFERT ,RO,2,2.52,20.08,25.904,55.322,119.463,38.238,167.012,286.475,,,,1.378,29.792,28.998,96.031,,
IFERT ,RO,2,1.58,16.5,20.920,50.744,121.817,50.153,160.658,282.475,,,,1.740,14.754,15.048,45.185,,
